{"spot_diameter_fullres": 16.570933999999998, "tissue_hires_scalef": 0.99255586, "fiducial_diameter_fullres": 26.76843300000001, "tissue_lowres_scalef": 0.29776675}