{"spot_diameter_fullres": 16.709517, "tissue_hires_scalef": 0.9760859, "fiducial_diameter_fullres": 26.992296000000003, "tissue_lowres_scalef": 0.29282576}