{"spot_diameter_fullres": 16.555793999999995, "tissue_hires_scalef": 0.9876543, "fiducial_diameter_fullres": 26.743977, "tissue_lowres_scalef": 0.2962963}