{"spot_diameter_fullres": 16.543346, "tissue_hires_scalef": 0.99157166, "fiducial_diameter_fullres": 26.723866999999995, "tissue_lowres_scalef": 0.2974715}