{"spot_diameter_fullres": 16.683262000000003, "tissue_hires_scalef": 0.96478534, "fiducial_diameter_fullres": 26.949884, "tissue_lowres_scalef": 0.2894356}