{"spot_diameter_fullres": 17.095103999999996, "tissue_hires_scalef": 0.9302326, "fiducial_diameter_fullres": 27.61517, "tissue_lowres_scalef": 0.27906978}