{"spot_diameter_fullres": 16.470795, "tissue_hires_scalef": 0.9718173, "fiducial_diameter_fullres": 26.60666700000001, "tissue_lowres_scalef": 0.29154518}