{"spot_diameter_fullres": 16.58171, "tissue_hires_scalef": 0.97465885, "fiducial_diameter_fullres": 26.785840000000004, "tissue_lowres_scalef": 0.29239765}