{"spot_diameter_fullres": 17.093477000000004, "tissue_hires_scalef": 0.88105726, "fiducial_diameter_fullres": 27.612540999999997, "tissue_lowres_scalef": 0.26431718}