{"spot_diameter_fullres": 16.684244000000007, "tissue_hires_scalef": 0.98280096, "fiducial_diameter_fullres": 26.951471000000005, "tissue_lowres_scalef": 0.2948403}