{"spot_diameter_fullres": 16.568031, "tissue_hires_scalef": 0.9896091, "fiducial_diameter_fullres": 26.763744000000003, "tissue_lowres_scalef": 0.29688272}